,Accuracy,Precision,Recall,ROC-AUC,PR-AUC
MobileNet,0.8149999976158142,0.5789473652839661,0.18803419172763824,0.7409266233444214,0.42460083961486816
