,Accuracy,Precision,Recall,ROC-AUC,PR-AUC
Simplified CNN,0.8050000071525574,0.0,0.0,0.5103961825370789,0.19038429856300354
ResNet50,0.8050000071525574,0.0,0.0,0.5,0.19499999284744263
MobileNet,0.8166666626930237,0.6129032373428345,0.16239316761493683,0.7488807439804077,0.4551522731781006
