,Accuracy,Precision,Recall,ROC-AUC,PR-AUC
MobileNet,0.8066666722297668,0.8063439130783081,1.0,0.7279289960861206,0.8986046314239502
